{"name":"FallbackIntent","identifier":"FALLBCKINT","description":"Default intent when no other intent matches","parentIntentSignature":"AMAZON.FallbackIntent","sampleUtterances":null,"intentConfirmationSetting":null,"intentClosingSetting":{"isActive":true,"closingResponse":{"allowInterrupt":true,"messageGroupsList":[{"message":{"customPayload":null,"ssmlMessage":null,"imageResponseCard":null,"plainTextMessage":{"value":"I'm not quite sure how to answer that. Some things i can help you with are an inventory search, providing hours of operation or the store address, scheduling a maintnence appointment and other services. If you would like to speak with a store representative please call 1-800-123-4567 or email us at Autonation@customerservice.com "}},"variations":null}]}},"inputContexts":null,"outputContexts":null,"kendraConfiguration":null,"dialogCodeHook":null,"fulfillmentCodeHook":null,"slotPriorities":[]}