{"name":"Type","identifier":"FUHKFFT8B7","description":null,"slotTypeName":"Type","obfuscationSetting":null,"valueElicitationSetting":{"defaultValueSpecification":null,"waitAndContinueSpecification":null,"slotConstraint":"Required","promptSpecification":{"maxRetries":4,"allowInterrupt":true,"messageGroupsList":[{"message":{"customPayload":null,"ssmlMessage":null,"imageResponseCard":null,"plainTextMessage":{"value":"What type of vehicle are you looking to test drive? Sedan, SUV, or a Truck?"}},"variations":null}]},"sampleUtterances":null},"multipleValuesSetting":null}