{"name":"Time","identifier":"JFEZHJTPYR","description":null,"slotTypeName":"AMAZON.Time","obfuscationSetting":null,"valueElicitationSetting":{"defaultValueSpecification":null,"waitAndContinueSpecification":null,"slotConstraint":"Required","promptSpecification":{"maxRetries":4,"allowInterrupt":true,"messageGroupsList":[{"message":{"customPayload":null,"ssmlMessage":null,"imageResponseCard":null,"plainTextMessage":{"value":"At what time would you like to bring your car in?"}},"variations":null}]},"sampleUtterances":null},"multipleValuesSetting":null}