{"name":"VehicleAvailability","identifier":"RMLZMEMXDF","description":"Checks inventory for the requested car","parentIntentSignature":null,"sampleUtterances":[{"utterance":"What cars do you have?"},{"utterance":"I want to buy a car"},{"utterance":"i want to buy a {Make}"},{"utterance":"what cars are available?"},{"utterance":"do you have any {Make}   {Type}  ?"},{"utterance":"do you have any {Color}   {Make}   {Type}  ?"},{"utterance":"im looking for a {Type}"},{"utterance":"im looking for a {Color} car"},{"utterance":"do you have any {Make}  in your inventory?"},{"utterance":"Are there any {Color}   {Type}  at your dealership"},{"utterance":"Inventory search?"},{"utterance":"What does your inventory look like?"},{"utterance":"how much does a car cost"},{"utterance":"how much does a {Type} cost?"},{"utterance":"what is the price of a {Type} ?"}],"intentConfirmationSetting":null,"intentClosingSetting":{"isActive":true,"closingResponse":{"allowInterrupt":true,"messageGroupsList":[{"message":{"customPayload":null,"ssmlMessage":null,"imageResponseCard":null,"plainTextMessage":{"value":"We currently have 2 {Color} {Make} {Type}'s available at our location. For pricing information on these vehicles give us a call at 1-800-123-4567 or visit our website at autonation.com/shellhacks"}},"variations":[{"customPayload":null,"ssmlMessage":null,"imageResponseCard":null,"plainTextMessage":{"value":"We currently have 4 {Make} {Type}'s available at our location. For pricing information on these vehicles give us a call at 1-800-123-4567 or visit our website at autonation.com/shellhacks"}}]}]}},"inputContexts":null,"outputContexts":null,"kendraConfiguration":null,"dialogCodeHook":null,"fulfillmentCodeHook":null,"slotPriorities":[{"priority":3,"slotName":"Color"},{"priority":1,"slotName":"Make"},{"priority":2,"slotName":"Type"}]}