{"name":"AddressRequest","identifier":"BOWGMBASBZ","description":"Provides the Address of the store upon request","parentIntentSignature":null,"sampleUtterances":[{"utterance":"What is the address of the dealership?"},{"utterance":"what is the dealership address?"},{"utterance":"what is the store address?"},{"utterance":"Address?"},{"utterance":"what is the store location"},{"utterance":"where is the dealership located"},{"utterance":"location?"},{"utterance":"location of store"},{"utterance":"dealership location"},{"utterance":"i want the address"},{"utterance":"address please"}],"intentConfirmationSetting":null,"intentClosingSetting":{"isActive":true,"closingResponse":{"allowInterrupt":true,"messageGroupsList":[{"message":{"customPayload":null,"ssmlMessage":null,"imageResponseCard":null,"plainTextMessage":{"value":"Our Autonation store is located at 12345 SW 67th Avenue Miami, FL"}},"variations":null}]}},"inputContexts":null,"outputContexts":null,"kendraConfiguration":null,"dialogCodeHook":null,"fulfillmentCodeHook":null,"slotPriorities":[]}