{"name":"TestDrive","identifier":"E0LJ6PX22K","description":"Books a test drive for available vehicles","parentIntentSignature":null,"sampleUtterances":[{"utterance":"can i test drive a {Make} {Type} on {Date} at {Time} ?"},{"utterance":"i would like to do a test drive"},{"utterance":"test drive?"},{"utterance":"can i do a test drive {Date}"},{"utterance":"are there any test drives available for {Date} at {Time} ?"},{"utterance":"can i test drive a {Make} ?"},{"utterance":"can i test drive a {Type} ?"},{"utterance":"can i test drive a {color} {Make} ?"},{"utterance":"i want to book a test drive "},{"utterance":"I want to book a test drive for a {Make}  {Type}  on {Date}  at {Time} "},{"utterance":"can a schedule a test drive for {Date}"},{"utterance":"can i try one of your vehicles?"},{"utterance":"can i drive one of your cars?"},{"utterance":"can i test a car?"},{"utterance":"i want to test a {Make}"},{"utterance":"test?"},{"utterance":"test"},{"utterance":"can i test drive a {Make} {Type} {Date} at {Time}"}],"intentConfirmationSetting":null,"intentClosingSetting":{"isActive":true,"closingResponse":{"allowInterrupt":true,"messageGroupsList":[{"message":{"customPayload":null,"ssmlMessage":null,"imageResponseCard":null,"plainTextMessage":{"value":"Perfect, your test drive for a {Make} {Type} has been scheduled for {Date} at {Time}"}},"variations":[{"customPayload":null,"ssmlMessage":null,"imageResponseCard":null,"plainTextMessage":{"value":"Perfect, your test drive for a  {color} {Make} {Type} has been scheduled for {Date} at {Time}"}}]}]}},"inputContexts":null,"outputContexts":null,"kendraConfiguration":null,"dialogCodeHook":null,"fulfillmentCodeHook":null,"slotPriorities":[{"priority":5,"slotName":"color"},{"priority":4,"slotName":"Time"},{"priority":1,"slotName":"Make"},{"priority":2,"slotName":"Type"},{"priority":3,"slotName":"Date"}]}