{"name":"MaintnenceAppointments","identifier":"JPIF0PLUDM","description":"Allows customers to schedule a maintnence appointment","parentIntentSignature":null,"sampleUtterances":[{"utterance":"I would like to schedule a maintnence appointment"},{"utterance":"can i schedule a service appointment for {Date} at {Time} ?"},{"utterance":"are there any maintnence appointments available for {Date} ?"},{"utterance":"i would like to bring in my car for servicing "},{"utterance":"i want to service my car"},{"utterance":"i want maintnence done on my vehicle "},{"utterance":"Maintnence?"},{"utterance":"Service?"}],"intentConfirmationSetting":null,"intentClosingSetting":{"isActive":true,"closingResponse":{"allowInterrupt":true,"messageGroupsList":[{"message":{"customPayload":null,"ssmlMessage":null,"imageResponseCard":null,"plainTextMessage":{"value":"Your service appointment has been booked for {Date} at {Time} . We look forward to seeing you!"}},"variations":null}]}},"inputContexts":null,"outputContexts":null,"kendraConfiguration":null,"dialogCodeHook":null,"fulfillmentCodeHook":null,"slotPriorities":[{"priority":2,"slotName":"Time"},{"priority":1,"slotName":"Date"}]}