{"name":"StoreHours","identifier":"FOV28ENA4Z","description":"Gives the store hours upon request","parentIntentSignature":null,"sampleUtterances":[{"utterance":"what are the store hours?"},{"utterance":"what are your hours of operation?"},{"utterance":"what time does the store open?"},{"utterance":"what time does the dealership open?"},{"utterance":"what are the operating hours of the dealership?"},{"utterance":"when are you open?"},{"utterance":"what time does the store open"},{"utterance":"what time do you open"},{"utterance":"when do you open"},{"utterance":"Hours?"},{"utterance":"store hours?"},{"utterance":"Location Hours?"},{"utterance":"im interested in knowing the store hours"},{"utterance":"im interested in knowing the dealership hours"}],"intentConfirmationSetting":null,"intentClosingSetting":{"isActive":true,"closingResponse":{"allowInterrupt":true,"messageGroupsList":[{"message":{"customPayload":null,"ssmlMessage":null,"imageResponseCard":null,"plainTextMessage":{"value":"The store hours are 9am-6pm Monday through Saturday, 10am-5pm Sundays."}},"variations":null}]}},"inputContexts":null,"outputContexts":null,"kendraConfiguration":null,"dialogCodeHook":null,"fulfillmentCodeHook":null,"slotPriorities":[]}