{"name":"Make","identifier":"ERMTVVPPHS","description":null,"slotTypeName":"Manufacturer","obfuscationSetting":null,"valueElicitationSetting":{"defaultValueSpecification":null,"waitAndContinueSpecification":null,"slotConstraint":"Required","promptSpecification":{"maxRetries":4,"allowInterrupt":true,"messageGroupsList":[{"message":{"customPayload":null,"ssmlMessage":null,"imageResponseCard":null,"plainTextMessage":{"value":"What car manufacturer are you interested in?"}},"variations":null}]},"sampleUtterances":null},"multipleValuesSetting":null}