{"name":"Type","identifier":"DYF16K90Q8","description":null,"slotTypeValues":[{"sampleValue":{"value":"Sedan"},"synonyms":[{"value":"Car"},{"value":"Coupe"},{"value":"Convertable"},{"value":"Drop top"}]},{"sampleValue":{"value":"SUV"},"synonyms":[{"value":"Crossover"},{"value":"Van"},{"value":"family car"},{"value":"hatchback"}]},{"sampleValue":{"value":"Truck"},"synonyms":[{"value":"Pickup"},{"value":"Pick-up"},{"value":"Pickup Truck"},{"value":"dumper"}]}],"parentSlotTypeSignature":null,"valueSelectionSetting":{"regexFilter":null,"resolutionStrategy":"TOP_RESOLUTION"}}