{"name":"Manufacturer","identifier":"YW6YW1WPSH","description":null,"slotTypeValues":[{"sampleValue":{"value":"Toyota"},"synonyms":[{"value":"toyota"}]},{"sampleValue":{"value":"Chevrolet"},"synonyms":[{"value":"Chevy"},{"value":"chevy"}]},{"sampleValue":{"value":"BMW"},"synonyms":[{"value":"Beamer"},{"value":"Beemer"}]},{"sampleValue":{"value":"Audi"},"synonyms":[{"value":"audi"}]},{"sampleValue":{"value":"Lexus"},"synonyms":[{"value":"lexus"}]},{"sampleValue":{"value":"Ford"},"synonyms":[{"value":"ford"}]},{"sampleValue":{"value":"Tesla"},"synonyms":[{"value":"tesla"}]},{"sampleValue":{"value":"Jeep"},"synonyms":[{"value":"jeep"}]},{"sampleValue":{"value":"Nissan"},"synonyms":[{"value":"nissan"}]},{"sampleValue":{"value":"Hyundai"},"synonyms":[{"value":"Hunday"},{"value":"Hundai"}]},{"sampleValue":{"value":"Honda"},"synonyms":[{"value":"honda"}]},{"sampleValue":{"value":"Kia"},"synonyms":[{"value":"kia"},{"value":"Car blake griffin jumped over"}]},{"sampleValue":{"value":"Mercedez-Benz"},"synonyms":[{"value":"Mercedez"},{"value":"Benz"},{"value":"benz"}]},{"sampleValue":{"value":"GMC"},"synonyms":[{"value":"GM"}]},{"sampleValue":{"value":"Dodge"},"synonyms":[{"value":"dodge"}]},{"sampleValue":{"value":"Land-Rover"},"synonyms":[{"value":"Landrover"},{"value":"rover"}]},{"sampleValue":{"value":"Buick"},"synonyms":[{"value":"buick"}]},{"sampleValue":{"value":"Acura"},"synonyms":[{"value":"acura"}]},{"sampleValue":{"value":"Mazda"},"synonyms":[{"value":"mazda"}]},{"sampleValue":{"value":"Volvo"},"synonyms":[{"value":"volvo"}]},{"sampleValue":{"value":"Volks-Wagen"},"synonyms":[{"value":"Volks Wagen"},{"value":"VW"}]},{"sampleValue":{"value":"Bugatti"},"synonyms":[{"value":"Buggati"}]},{"sampleValue":{"value":"Ferrari"},"synonyms":[{"value":"ferarri"}]},{"sampleValue":{"value":"Lamborghini"},"synonyms":[{"value":"Lambo"},{"value":"lambo"}]},{"sampleValue":{"value":"Porche"},"synonyms":[{"value":"911"}]},{"sampleValue":{"value":"Mustang"},"synonyms":[{"value":"Ford mustang"}]}],"parentSlotTypeSignature":null,"valueSelectionSetting":{"regexFilter":null,"resolutionStrategy":"TOP_RESOLUTION"}}