{"name":"CustomerService","identifier":"AIBNM5Q4AQ","description":"Directs the customer to other lines of communication","parentIntentSignature":null,"sampleUtterances":[{"utterance":"customer service?"},{"utterance":"take me to a representative"},{"utterance":"representative"},{"utterance":"phone number"},{"utterance":"can i speak to a representative"},{"utterance":"can i talk to a person"},{"utterance":"can i talk to a human"},{"utterance":"talk with representative"},{"utterance":"talk with human"},{"utterance":"talk person"},{"utterance":"can you connect me to a representative"},{"utterance":"can i speak to an actual person please"}],"intentConfirmationSetting":null,"intentClosingSetting":{"isActive":true,"closingResponse":{"allowInterrupt":true,"messageGroupsList":[{"message":{"customPayload":null,"ssmlMessage":null,"imageResponseCard":null,"plainTextMessage":{"value":"Sure, you can connect with a store representative by calling 1-800-123-4567 or emailing us at Autonation@customerservice.com"}},"variations":null}]}},"inputContexts":null,"outputContexts":null,"kendraConfiguration":null,"dialogCodeHook":null,"fulfillmentCodeHook":null,"slotPriorities":[]}