{"name":"Color","identifier":"NTYPVETSTQ","description":null,"slotTypeValues":[{"sampleValue":{"value":"White"},"synonyms":null},{"sampleValue":{"value":"Black"},"synonyms":null},{"sampleValue":{"value":"Blue"},"synonyms":null},{"sampleValue":{"value":"Gray"},"synonyms":null},{"sampleValue":{"value":"Grey"},"synonyms":null},{"sampleValue":{"value":"Green"},"synonyms":null},{"sampleValue":{"value":"Red"},"synonyms":null},{"sampleValue":{"value":"Yellow"},"synonyms":null},{"sampleValue":{"value":"Silver"},"synonyms":null},{"sampleValue":{"value":"Beige"},"synonyms":null},{"sampleValue":{"value":"Gold"},"synonyms":null},{"sampleValue":{"value":"Brown"},"synonyms":null},{"sampleValue":{"value":"Orange"},"synonyms":null}],"parentSlotTypeSignature":null,"valueSelectionSetting":{"regexFilter":null,"resolutionStrategy":"ORIGINAL_VALUE"}}