{"name":"AddressandTime","identifier":"CCUJGJHRTA","description":"Provides both address and operating hours","parentIntentSignature":null,"sampleUtterances":[{"utterance":"What is the location and store hours"},{"utterance":"what are the dealership hours and its location"},{"utterance":"can i have both the address of the store and the location"},{"utterance":"address and hours?"},{"utterance":"address and time?"},{"utterance":"at what time is the dealership open and where is it located"},{"utterance":"at what time does the store open and where is it located"},{"utterance":"time and location"},{"utterance":"hours and location?"}],"intentConfirmationSetting":null,"intentClosingSetting":{"isActive":true,"closingResponse":{"allowInterrupt":true,"messageGroupsList":[{"message":{"customPayload":null,"ssmlMessage":null,"imageResponseCard":null,"plainTextMessage":{"value":"Our Autonation store is located at 12345 SW 67th Avenue Miami, FL and our operating hours are: 9am-6pm Monday through Saturday, 10am-5pm Sundays."}},"variations":null}]}},"inputContexts":null,"outputContexts":null,"kendraConfiguration":null,"dialogCodeHook":null,"fulfillmentCodeHook":null,"slotPriorities":[]}