{"name":"Type","identifier":"WCMPL7TWTJ","description":null,"slotTypeName":"Type","obfuscationSetting":null,"valueElicitationSetting":{"defaultValueSpecification":null,"waitAndContinueSpecification":null,"slotConstraint":"Required","promptSpecification":{"maxRetries":4,"allowInterrupt":true,"messageGroupsList":[{"message":{"customPayload":null,"ssmlMessage":null,"imageResponseCard":null,"plainTextMessage":{"value":"What type of vehicle are you looking for? Sedan, SUV, or Truck?"}},"variations":null}]},"sampleUtterances":null},"multipleValuesSetting":null}