{"name":"Introduction","identifier":"0UD4KLONLZ","description":"Says hello to the customer","parentIntentSignature":null,"sampleUtterances":[{"utterance":"Hello"},{"utterance":"Hi"},{"utterance":"Good afternon"},{"utterance":"Good morning"},{"utterance":"Hi im {Name}"},{"utterance":"Hello my name is {Name}"}],"intentConfirmationSetting":null,"intentClosingSetting":{"isActive":true,"closingResponse":{"allowInterrupt":true,"messageGroupsList":[{"message":{"customPayload":null,"ssmlMessage":null,"imageResponseCard":null,"plainTextMessage":{"value":"Hi there {Name}! I'm Lex, what can i do for you?"}},"variations":null}]}},"inputContexts":null,"outputContexts":null,"kendraConfiguration":null,"dialogCodeHook":null,"fulfillmentCodeHook":{"fulfillmentUpdatesSpecification":null,"postFulfillmentStatusSpecification":null,"enabled":false},"slotPriorities":[{"priority":1,"slotName":"Name"}]}