{"name":"color","identifier":"1CHMW5HXTX","description":null,"slotTypeName":"Color","obfuscationSetting":null,"valueElicitationSetting":{"defaultValueSpecification":null,"waitAndContinueSpecification":null,"slotConstraint":"Optional","promptSpecification":{"maxRetries":4,"allowInterrupt":true,"messageGroupsList":[{"message":{"customPayload":null,"ssmlMessage":null,"imageResponseCard":null,"plainTextMessage":{"value":"What color vehicle are you specifically looking for?"}},"variations":null}]},"sampleUtterances":null},"multipleValuesSetting":null}