{"name":"Color","identifier":"CU6MRZA04E","description":null,"slotTypeName":"Color","obfuscationSetting":null,"valueElicitationSetting":{"defaultValueSpecification":null,"waitAndContinueSpecification":null,"slotConstraint":"Required","promptSpecification":{"maxRetries":4,"allowInterrupt":true,"messageGroupsList":[{"message":{"customPayload":null,"ssmlMessage":null,"imageResponseCard":null,"plainTextMessage":{"value":"What color of vehicle would you be interested in?"}},"variations":null}]},"sampleUtterances":null},"multipleValuesSetting":null}